{
  "members": [
    {
      "name": "Chanel",
      "address": "123 Street, City",
      "phone": "123-456-7890",
      "website": "https://www.chanel.com/us/",
      "image": "chanel_logo.png",
      "membershipLevel": 3,
      "otherInfo": "Gold member",
      "description": "An icon of French fashion, Chanel is synonymous with timeless elegance and sophistication. Founded by Coco Chanel, the brand revolutionized women’s clothing with minimalist style, iconic perfumes like No. 5, and prestigious haute couture."
    },
    {
      "name": "Gucci",
      "address": "456 Avenue, City",
      "phone": "123-456-7891",
      "website": "https://www.gucci.com/us/en/",
      "image": "gucci_logo.png",
      "membershipLevel": 2,
      "otherInfo": "Silver member",
      "description": "An Italian luxury brand known for its bold, innovative style, Gucci blends traditional craftsmanship with contemporary design. It is globally recognized for its fashion-forward clothing, accessories, and creative collaborations."
    },
    {
      "name": "Dior",
      "address": "789 Boulevard, City",
      "phone": "123-456-7892",
      "website": "https://www.dior.com/en_us",
      "image": "dior_logo.png",
      "membershipLevel": 1,
      "otherInfo": "Member",
      "description": "Founded by Christian Dior, this French fashion house is a leader in haute couture and luxury beauty. Renowned for its classic femininity and refined silhouettes, Dior combines tradition with innovation in fashion, fragrances, and cosmetics."
    },
    {
      "name": "Louis Vuitton",
      "address": "987 Boulevard, City",
      "phone": "123-456-7893",
      "website": "https://us.louisvuitton.com/eng-us/homepage",
      "image": "louis-vuitton_logo.png",
      "membershipLevel": 1,
      "otherInfo": "Member",
      "description": "A global symbol of exclusivity, Louis Vuitton is a top brand for leather goods, luggage, and high-end fashion. Since 1854, it has paired artisanal heritage with modern design and iconic collaborations."
    },
    {
      "name": "Michael Kors",
      "address": "654 Boulevard, City",
      "phone": "123-456-7894",
      "website": "https://www.michaelkors.global/au/en/",
      "image": "michael-kors_logo.png",
      "membershipLevel": 2,
      "otherInfo": "Silver member",
      "description": "An American brand offering accessible luxury, Michael Kors is known for stylish handbags, watches, and elegant casual wear. Its practical yet glamorous designs are popular with fashion lovers around the world."
    },
    {
      "name": "Kerastase",
      "address": "321 Boulevard, City",
      "phone": "123-456-7895",
      "website": "https://www.kerastase.com/",
      "image": "kerastase_logo.png",
      "membershipLevel": 3,
      "otherInfo": "Gold member",
      "description": "A premium haircare brand by L’Oréal, Kérastase specializes in personalized treatments backed by advanced science. Trusted in salons worldwide, it's a leader in performance-driven hair wellness."
    },
    {
      "name": "Prada",
      "address": "001 Boulevard, City",
      "phone": "123-456-7896",
      "website": "https://www.prada.com/us/en.html",
      "image": "prada_logo.png",
      "membershipLevel": 3,
      "otherInfo": "Gold member",
      "description": "An Italian luxury fashion house known for its avant-garde and minimalist style. Prada is a trendsetter that blends innovation, quality, and intellectual design in clothing, accessories, and more."
    },
    {
      "name": "Hermés",
      "address": "002 Boulevard, City",
      "phone": "123-456-7897",
      "website": "https://www.hermes.com/us/en/",
      "image": "hermes_logo.png",
      "membershipLevel": 2,
      "otherInfo": "Silver member",
      "description": "A French maison celebrated for its exceptional craftsmanship in leather, silk, and watchmaking. Famous for iconic items like the Birkin bag, Hermès represents tradition, exclusivity, and top-tier quality."
    }
  ]
}